{
  "overall": {
    "precision": 0.7230228291648604,
    "recall": 0.7164438849187248,
    "f1": 0.7181238988412839,
    "num_samples": 27007.0
  },
  "class": {
    "BACKGROUND": {
      "precision": 0.5160662122687439,
      "recall": 0.4878797177048174,
      "f1": 0.501577287066246,
      "num_samples": 3259.0
    },
    "CONCLUSIONS": {
      "precision": 0.5570658036677454,
      "recall": 0.6334641805691855,
      "f1": 0.5928136838480083,
      "num_samples": 4076.0
    },
    "METHODS": {
      "precision": 0.8115347229722433,
      "recall": 0.84398517353701,
      "f1": 0.8274419116837353,
      "num_samples": 8903.0
    },
    "OBJECTIVE": {
      "precision": 0.5449486301369864,
      "recall": 0.6131984585741811,
      "f1": 0.5770625566636447,
      "num_samples": 2076.0
    },
    "RESULTS": {
      "precision": 0.8303014553014553,
      "recall": 0.7350741976302773,
      "f1": 0.7797913234486545,
      "num_samples": 8693.0
    }
  }
}